{
  "best_model": "gradient_boosting",
  "revenue_rate": 0.02,
  "n_train": 796,
  "n_test": 200,
  "by_model": {
    "linear": {
      "r2": 0.5180857175169467,
      "mae": 1495.6797425151528,
      "rmse": 3755.7555104480907
    },
    "random_forest": {
      "r2": 0.5580970994533294,
      "mae": 1230.6877050466676,
      "rmse": 3596.465017974305
    },
    "gradient_boosting": {
      "r2": 0.6196275414088814,
      "mae": 1113.236055152197,
      "rmse": 3336.698346487308
    }
  }
}