{
  "best_k": 6,
  "best_silhouette": 0.4079792803663404,
  "silhouette_by_k": {
    "2": 0.34976258190786563,
    "3": 0.371914880172951,
    "4": 0.38446997166470015,
    "5": 0.39906026044905685,
    "6": 0.4079792803663404,
    "7": 0.3824410675332148,
    "8": 0.37179385082728
  }
}